,filename,range_lambdas,alpha_half,run_time,best_feasible_obj,best_lb,number_lagrangian_iterations,what_stopped_lagrangian
0,cap61,10,2,0.5364198684692383,0.0,0.0,0,unclear if the intergrality property holds
1,cap61,10,4,0.2852811813354492,0.0,0.0,0,unclear if the intergrality property holds
2,cap61,10,6,0.2799525260925293,0.0,0.0,0,unclear if the intergrality property holds
3,cap61,10,8,0.2770988941192627,0.0,0.0,0,unclear if the intergrality property holds
4,cap61,10,10,0.3079075813293457,0.0,0.0,0,unclear if the intergrality property holds
5,cap61,10,12,0.28078246116638184,0.0,0.0,0,unclear if the intergrality property holds
6,cap61,10,14,0.29978108406066895,0.0,0.0,0,unclear if the intergrality property holds
7,cap61,10,16,0.28002476692199707,0.0,0.0,0,unclear if the intergrality property holds
8,cap61,10,18,0.29444313049316406,0.0,0.0,0,unclear if the intergrality property holds
9,cap61,10,20,0.2845768928527832,0.0,0.0,0,unclear if the intergrality property holds
10,cap61,20,2,0.4984748363494873,0.0,0.0,0,unclear if the intergrality property holds
11,cap61,20,4,0.42344141006469727,0.0,0.0,0,unclear if the intergrality property holds
12,cap61,20,6,0.443676233291626,0.0,0.0,0,unclear if the intergrality property holds
13,cap61,20,8,0.433743953704834,0.0,0.0,0,unclear if the intergrality property holds
14,cap61,20,10,0.4188985824584961,0.0,0.0,0,unclear if the intergrality property holds
15,cap61,20,12,0.4277224540710449,0.0,0.0,0,unclear if the intergrality property holds
16,cap61,20,14,0.44411587715148926,0.0,0.0,0,unclear if the intergrality property holds
17,cap61,20,16,0.4431586265563965,0.0,0.0,0,unclear if the intergrality property holds
18,cap61,20,18,0.4172210693359375,0.0,0.0,0,unclear if the intergrality property holds
19,cap61,20,20,0.41997194290161133,0.0,0.0,0,unclear if the intergrality property holds
20,cap61,30,2,6.922270774841309,932615.75,923361.6310913049,201,max iterations
21,cap61,30,4,6.470752954483032,932615.75,931524.6378877596,201,max iterations
22,cap61,30,6,1.0692591667175293,932615.75,932543.0778173216,15,reached dual gap tolerance
23,cap61,30,8,1.182337760925293,932615.75,932565.8731805063,15,reached dual gap tolerance
24,cap61,30,10,1.3101553916931152,932615.75,932615.75,19,reached subgradient tolerance and dual gap tolerance
25,cap61,30,12,1.2715098857879639,932615.75,932615.75,22,reached dual gap tolerance
26,cap61,30,14,1.3418025970458984,932615.75,932600.5806005456,24,reached dual gap tolerance
27,cap61,30,16,1.339402675628662,932615.75,932571.5041560926,22,reached dual gap tolerance
28,cap61,30,18,1.2914676666259766,932615.75,932582.2745938397,23,reached dual gap tolerance
29,cap61,30,20,1.4896175861358643,932615.75,932544.6620539465,26,reached dual gap tolerance
30,cap61,40,2,7.1183412075042725,932615.75,924031.5443429882,201,max iterations
31,cap61,40,4,7.024213790893555,932615.75,931237.8553479158,201,max iterations
32,cap61,40,6,1.3518362045288086,932615.75,932084.3991672652,18,reached subgradient tolerance
33,cap61,40,8,1.3605966567993164,932615.75,932338.046815093,21,reached subgradient tolerance
34,cap61,40,10,1.7946066856384277,932615.75,932524.8855000767,31,reached subgradient tolerance and dual gap tolerance
35,cap61,40,12,1.5533361434936523,932615.75,932522.7894415237,21,reached dual gap tolerance
36,cap61,40,14,1.640857458114624,932615.75,932524.3355704546,28,reached dual gap tolerance
37,cap61,40,16,1.6755890846252441,932615.75,932535.2524417496,26,reached dual gap tolerance
38,cap61,40,18,1.4909098148345947,932615.75,932535.5142486538,24,reached dual gap tolerance
39,cap61,40,20,1.5329396724700928,932615.75,932551.6219641702,26,reached dual gap tolerance
40,cap61,50,2,7.197346448898315,932615.75,926797.3802240189,201,max iterations
41,cap61,50,4,6.994166612625122,932615.75,931784.7822524989,201,max iterations
42,cap61,50,6,1.44449782371521,932615.75,932339.0526123258,19,reached subgradient tolerance
43,cap61,50,8,1.6684918403625488,932615.75,932566.6087994035,20,reached dual gap tolerance
44,cap61,50,10,1.3592965602874756,932615.75,932610.8051557329,17,reached dual gap tolerance
45,cap61,50,12,1.4204075336456299,932615.75,932561.2736307378,19,reached dual gap tolerance
46,cap61,50,14,1.4870789051055908,932615.75,932573.6877159788,20,reached dual gap tolerance
47,cap61,50,16,1.403317928314209,932615.75,932557.9769315372,19,reached dual gap tolerance
48,cap61,50,18,1.5807876586914062,932615.75,932560.4666666667,24,reached dual gap tolerance
49,cap61,50,20,1.5251758098602295,932615.75,932551.6996678833,22,reached dual gap tolerance
50,cap61,60,2,6.8759801387786865,932615.75,926797.3802240189,201,max iterations
51,cap61,60,4,7.0488691329956055,932615.75,931784.7822524989,201,max iterations
52,cap61,60,6,1.559251308441162,932615.75,932339.0526123258,19,reached subgradient tolerance
53,cap61,60,8,1.6007251739501953,932615.75,932566.6087994035,20,reached dual gap tolerance
54,cap61,60,10,1.5299181938171387,932615.75,932610.8051557329,17,reached dual gap tolerance
55,cap61,60,12,1.5538582801818848,932615.75,932561.2736307378,19,reached dual gap tolerance
56,cap61,60,14,1.5898425579071045,932615.75,932573.6877159788,20,reached dual gap tolerance
57,cap61,60,16,1.5572643280029297,932615.75,932557.9769315372,19,reached dual gap tolerance
58,cap61,60,18,1.7429931163787842,932615.75,932560.4666666667,24,reached dual gap tolerance
59,cap61,60,20,1.6491270065307617,932615.75,932551.6996678833,22,reached dual gap tolerance
60,cap61,70,2,7.71909236907959,932615.75,926797.3802240189,201,max iterations
61,cap61,70,4,7.740593194961548,932615.75,931784.7822524989,201,max iterations
62,cap61,70,6,1.8123788833618164,932615.75,932339.0526123258,19,reached subgradient tolerance
63,cap61,70,8,1.780327320098877,932615.75,932566.6087994035,20,reached dual gap tolerance
64,cap61,70,10,1.6078574657440186,932615.75,932610.8051557329,17,reached dual gap tolerance
65,cap61,70,12,1.6614370346069336,932615.75,932561.2736307378,19,reached dual gap tolerance
66,cap61,70,14,1.6976215839385986,932615.75,932573.6877159788,20,reached dual gap tolerance
67,cap61,70,16,1.7373065948486328,932615.75,932557.9769315372,19,reached dual gap tolerance
68,cap61,70,18,1.977022647857666,932615.75,932560.4666666667,24,reached dual gap tolerance
69,cap61,70,20,1.75905179977417,932615.75,932551.6996678833,22,reached dual gap tolerance
70,cap61,80,2,7.377066135406494,932615.75,926797.3802240189,201,max iterations
71,cap61,80,4,10.216307640075684,932615.75,931784.7822524989,201,max iterations
72,cap61,80,6,2.330376386642456,932615.75,932339.0526123258,19,reached subgradient tolerance
73,cap61,80,8,2.4093801975250244,932615.75,932566.6087994035,20,reached dual gap tolerance
74,cap61,80,10,2.11923885345459,932615.75,932610.8051557329,17,reached dual gap tolerance
75,cap61,80,12,2.174074411392212,932615.75,932561.2736307378,19,reached dual gap tolerance
76,cap61,80,14,2.4731602668762207,932615.75,932573.6877159788,20,reached dual gap tolerance
77,cap61,80,16,2.1841373443603516,932615.75,932557.9769315372,19,reached dual gap tolerance
78,cap61,80,18,2.2902936935424805,932615.75,932560.4666666667,24,reached dual gap tolerance
79,cap61,80,20,2.214146375656128,932615.75,932551.6996678833,22,reached dual gap tolerance
80,cap61,90,2,10.182338953018188,932615.75,926797.3802240189,201,max iterations
81,cap61,90,4,9.686779022216797,932615.75,931784.7822524989,201,max iterations
82,cap61,90,6,2.0722291469573975,932615.75,932339.0526123258,19,reached subgradient tolerance
83,cap61,90,8,2.113635301589966,932615.75,932566.6087994035,20,reached dual gap tolerance
84,cap61,90,10,2.049936532974243,932615.75,932610.8051557329,17,reached dual gap tolerance
85,cap61,90,12,2.2008473873138428,932615.75,932561.2736307378,19,reached dual gap tolerance
86,cap61,90,14,2.2980449199676514,932615.75,932573.6877159788,20,reached dual gap tolerance
87,cap61,90,16,2.363396167755127,932615.75,932557.9769315372,19,reached dual gap tolerance
88,cap61,90,18,2.378350257873535,932615.75,932560.4666666667,24,reached dual gap tolerance
89,cap61,90,20,2.587372303009033,932615.75,932551.6996678833,22,reached dual gap tolerance
90,cap61,100,2,9.877815961837769,932615.75,926797.3802240189,201,max iterations
91,cap61,100,4,10.159152746200562,932615.75,931784.7822524989,201,max iterations
92,cap61,100,6,2.1084542274475098,932615.75,932339.0526123258,19,reached subgradient tolerance
93,cap61,100,8,2.258375406265259,932615.75,932566.6087994035,20,reached dual gap tolerance
94,cap61,100,10,2.454833507537842,932615.75,932610.8051557329,17,reached dual gap tolerance
95,cap61,100,12,2.4037044048309326,932615.75,932561.2736307378,19,reached dual gap tolerance
96,cap61,100,14,2.4063196182250977,932615.75,932573.6877159788,20,reached dual gap tolerance
97,cap61,100,16,2.4668822288513184,932615.75,932557.9769315372,19,reached dual gap tolerance
98,cap61,100,18,2.6298515796661377,932615.75,932560.4666666667,24,reached dual gap tolerance
99,cap61,100,20,2.2942206859588623,932615.75,932551.6996678833,22,reached dual gap tolerance
100,cap62,10,2,0.3139169216156006,0.0,0.0,0,unclear if the intergrality property holds
101,cap62,10,4,0.29337024688720703,0.0,0.0,0,unclear if the intergrality property holds
102,cap62,10,6,0.28246212005615234,0.0,0.0,0,unclear if the intergrality property holds
103,cap62,10,8,0.2791721820831299,0.0,0.0,0,unclear if the intergrality property holds
104,cap62,10,10,0.42540621757507324,0.0,0.0,0,unclear if the intergrality property holds
105,cap62,10,12,0.27343273162841797,0.0,0.0,0,unclear if the intergrality property holds
106,cap62,10,14,0.28321218490600586,0.0,0.0,0,unclear if the intergrality property holds
107,cap62,10,16,0.3787980079650879,0.0,0.0,0,unclear if the intergrality property holds
108,cap62,10,18,0.2787315845489502,0.0,0.0,0,unclear if the intergrality property holds
109,cap62,10,20,0.2859313488006592,0.0,0.0,0,unclear if the intergrality property holds
110,cap62,20,2,0.43988537788391113,0.0,0.0,0,unclear if the intergrality property holds
111,cap62,20,4,0.48633670806884766,0.0,0.0,0,unclear if the intergrality property holds
112,cap62,20,6,0.5015368461608887,0.0,0.0,0,unclear if the intergrality property holds
113,cap62,20,8,0.4584224224090576,0.0,0.0,0,unclear if the intergrality property holds
114,cap62,20,10,0.4356498718261719,0.0,0.0,0,unclear if the intergrality property holds
115,cap62,20,12,0.41921472549438477,0.0,0.0,0,unclear if the intergrality property holds
116,cap62,20,14,0.41963863372802734,0.0,0.0,0,unclear if the intergrality property holds
117,cap62,20,16,0.41976404190063477,0.0,0.0,0,unclear if the intergrality property holds
118,cap62,20,18,0.4360933303833008,0.0,0.0,0,unclear if the intergrality property holds
119,cap62,20,20,0.4442758560180664,0.0,0.0,0,unclear if the intergrality property holds
120,cap62,30,2,7.404016733169556,977799.4,967349.281410771,201,max iterations
121,cap62,30,4,11.1725492477417,977799.4,976175.1063009623,201,max iterations
122,cap62,30,6,1.2844195365905762,977799.4,977104.4850630797,17,reached subgradient tolerance
123,cap62,30,8,2.1984126567840576,977799.4,977441.6001856888,26,reached subgradient tolerance
124,cap62,30,10,2.017014980316162,977799.4,977543.2140683462,24,reached subgradient tolerance
125,cap62,30,12,2.75795316696167,977799.4,977696.3519522491,35,reached subgradient tolerance
126,cap62,30,14,2.428145408630371,977799.4,977704.684815816,29,reached subgradient tolerance and dual gap tolerance
127,cap62,30,16,2.3764703273773193,977799.4,977731.8069450018,33,reached subgradient tolerance and dual gap tolerance
128,cap62,30,18,2.506950855255127,977799.4,977703.6217121813,37,reached subgradient tolerance and dual gap tolerance
129,cap62,30,20,2.084075689315796,977799.4,977465.9189976375,23,reached subgradient tolerance
130,cap62,40,2,7.360297918319702,982761.8375,951146.5114992562,201,max iterations
131,cap62,40,4,10.871544599533081,977799.4,956539.0965504375,201,max iterations
132,cap62,40,6,11.48692774772644,977799.4,972974.8855395088,201,max iterations
133,cap62,40,8,11.476151466369629,977799.4,976468.1258047604,201,max iterations
134,cap62,40,10,2.65960955619812,977799.4,977721.1237938041,36,reached dual gap tolerance
135,cap62,40,12,2.235358953475952,977799.4,977490.6137822521,37,reached subgradient tolerance
136,cap62,40,14,2.7952768802642822,977799.4,977573.64672658,43,reached subgradient tolerance
137,cap62,40,16,2.3532469272613525,977799.4,977417.2203856023,32,reached subgradient tolerance
138,cap62,40,18,1.964662790298462,977799.4,977564.1896411458,28,reached subgradient tolerance
139,cap62,40,20,2.3686702251434326,977799.4,977748.2724136482,36,reached dual gap tolerance
140,cap62,50,2,7.202427864074707,982761.8375,951146.5114992562,201,max iterations
141,cap62,50,4,11.001919507980347,977799.4,956539.0965504375,201,max iterations
142,cap62,50,6,11.556658029556274,977799.4,972974.8855395088,201,max iterations
143,cap62,50,8,11.210601806640625,977799.4,976468.1258047604,201,max iterations
144,cap62,50,10,2.228947877883911,977799.4,977721.1237938041,36,reached dual gap tolerance
145,cap62,50,12,3.067723035812378,977799.4,977490.6137822521,37,reached subgradient tolerance
146,cap62,50,14,2.971859931945801,977799.4,977573.64672658,43,reached subgradient tolerance
147,cap62,50,16,2.789001226425171,977799.4,977417.2203856023,32,reached subgradient tolerance
148,cap62,50,18,2.1410272121429443,977799.4,977564.1896411458,28,reached subgradient tolerance
149,cap62,50,20,2.5028433799743652,977799.4,977748.2724136482,36,reached dual gap tolerance
150,cap62,60,2,7.296944856643677,982761.8375,951146.5114992562,201,max iterations
151,cap62,60,4,10.861313581466675,977799.4,956539.0965504375,201,max iterations
152,cap62,60,6,11.589362621307373,977799.4,972974.8855395088,201,max iterations
153,cap62,60,8,9.838183879852295,977799.4,976468.1258047604,201,max iterations
154,cap62,60,10,2.667839527130127,977799.4,977721.1237938041,36,reached dual gap tolerance
155,cap62,60,12,2.6561691761016846,977799.4,977490.6137822521,37,reached subgradient tolerance
156,cap62,60,14,2.8370883464813232,977799.4,977573.64672658,43,reached subgradient tolerance
157,cap62,60,16,2.366240978240967,977799.4,977417.2203856023,32,reached subgradient tolerance
158,cap62,60,18,2.111443281173706,977799.4,977564.1896411458,28,reached subgradient tolerance
159,cap62,60,20,2.364847421646118,977799.4,977748.2724136482,36,reached dual gap tolerance
160,cap62,70,2,7.280729055404663,982761.8375,951146.5114992562,201,max iterations
161,cap62,70,4,8.584968090057373,977799.4,956539.0965504375,201,max iterations
162,cap62,70,6,9.384223461151123,977799.4,972974.8855395088,201,max iterations
163,cap62,70,8,9.785220861434937,977799.4,976468.1258047604,201,max iterations
164,cap62,70,10,2.7150981426239014,977799.4,977721.1237938041,36,reached dual gap tolerance
165,cap62,70,12,2.518312454223633,977799.4,977490.6137822521,37,reached subgradient tolerance
166,cap62,70,14,2.915144443511963,977799.4,977573.64672658,43,reached subgradient tolerance
167,cap62,70,16,2.578033924102783,977799.4,977417.2203856023,32,reached subgradient tolerance
168,cap62,70,18,2.3619871139526367,977799.4,977564.1896411458,28,reached subgradient tolerance
169,cap62,70,20,2.752603769302368,977799.4,977748.2724136482,36,reached dual gap tolerance
170,cap62,80,2,7.608428478240967,982761.8375,951146.5114992562,201,max iterations
171,cap62,80,4,8.80699348449707,977799.4,956539.0965504375,201,max iterations
172,cap62,80,6,9.660115242004395,977799.4,972974.8855395088,201,max iterations
173,cap62,80,8,9.917228698730469,977799.4,976468.1258047604,201,max iterations
174,cap62,80,10,2.805187225341797,977799.4,977721.1237938041,36,reached dual gap tolerance
175,cap62,80,12,3.099052667617798,977799.4,977490.6137822521,37,reached subgradient tolerance
176,cap62,80,14,3.4469518661499023,977799.4,977573.64672658,43,reached subgradient tolerance
177,cap62,80,16,2.587491035461426,977799.4,977417.2203856023,32,reached subgradient tolerance
178,cap62,80,18,2.514698028564453,977799.4,977564.1896411458,28,reached subgradient tolerance
179,cap62,80,20,2.7673611640930176,977799.4,977748.2724136482,36,reached dual gap tolerance
180,cap62,90,2,7.963756084442139,982761.8375,951146.5114992562,201,max iterations
181,cap62,90,4,10.412362575531006,977799.4,956539.0965504375,201,max iterations
182,cap62,90,6,10.272348880767822,977799.4,972974.8855395088,201,max iterations
183,cap62,90,8,10.001132249832153,977799.4,976468.1258047604,201,max iterations
184,cap62,90,10,2.9346139430999756,977799.4,977721.1237938041,36,reached dual gap tolerance
185,cap62,90,12,3.0631215572357178,977799.4,977490.6137822521,37,reached subgradient tolerance
186,cap62,90,14,3.3004050254821777,977799.4,977573.64672658,43,reached subgradient tolerance
187,cap62,90,16,2.5184175968170166,977799.4,977417.2203856023,32,reached subgradient tolerance
188,cap62,90,18,2.776109218597412,977799.4,977564.1896411458,28,reached subgradient tolerance
189,cap62,90,20,3.0068910121917725,977799.4,977748.2724136482,36,reached dual gap tolerance
190,cap62,100,2,7.8109450340271,982761.8375,951146.5114992562,201,max iterations
191,cap62,100,4,8.905148267745972,977799.4,956539.0965504375,201,max iterations
192,cap62,100,6,10.058529376983643,977799.4,972974.8855395088,201,max iterations
193,cap62,100,8,9.66743516921997,977799.4,976468.1258047604,201,max iterations
194,cap62,100,10,3.1720240116119385,977799.4,977721.1237938041,36,reached dual gap tolerance
195,cap62,100,12,3.0138235092163086,977799.4,977490.6137822521,37,reached subgradient tolerance
196,cap62,100,14,3.2494070529937744,977799.4,977573.64672658,43,reached subgradient tolerance
197,cap62,100,16,2.8526432514190674,977799.4,977417.2203856023,32,reached subgradient tolerance
198,cap62,100,18,2.9094316959381104,977799.4,977564.1896411458,28,reached subgradient tolerance
199,cap62,100,20,3.0739023685455322,977799.4,977748.2724136482,36,reached dual gap tolerance
200,cap71,10,2,0.28258728981018066,0.0,0.0,0,unclear if the intergrality property holds
201,cap71,10,4,0.2735745906829834,0.0,0.0,0,unclear if the intergrality property holds
202,cap71,10,6,0.2655336856842041,0.0,0.0,0,unclear if the intergrality property holds
203,cap71,10,8,0.3055765628814697,0.0,0.0,0,unclear if the intergrality property holds
204,cap71,10,10,0.33638978004455566,0.0,0.0,0,unclear if the intergrality property holds
205,cap71,10,12,0.31158924102783203,0.0,0.0,0,unclear if the intergrality property holds
206,cap71,10,14,0.2713298797607422,0.0,0.0,0,unclear if the intergrality property holds
207,cap71,10,16,0.2788851261138916,0.0,0.0,0,unclear if the intergrality property holds
208,cap71,10,18,0.275193452835083,0.0,0.0,0,unclear if the intergrality property holds
209,cap71,10,20,0.2628059387207031,0.0,0.0,0,unclear if the intergrality property holds
210,cap71,20,2,0.4107544422149658,0.0,0.0,0,unclear if the intergrality property holds
211,cap71,20,4,0.41388916969299316,0.0,0.0,0,unclear if the intergrality property holds
212,cap71,20,6,0.43953728675842285,0.0,0.0,0,unclear if the intergrality property holds
213,cap71,20,8,0.42229270935058594,0.0,0.0,0,unclear if the intergrality property holds
214,cap71,20,10,0.4133286476135254,0.0,0.0,0,unclear if the intergrality property holds
215,cap71,20,12,0.42704033851623535,0.0,0.0,0,unclear if the intergrality property holds
216,cap71,20,14,0.4290444850921631,0.0,0.0,0,unclear if the intergrality property holds
217,cap71,20,16,0.4015040397644043,0.0,0.0,0,unclear if the intergrality property holds
218,cap71,20,18,0.4081571102142334,0.0,0.0,0,unclear if the intergrality property holds
219,cap71,20,20,0.41434526443481445,0.0,0.0,0,unclear if the intergrality property holds
220,cap71,30,2,5.972792625427246,932615.75,923310.7241216039,201,max iterations
221,cap71,30,4,5.89272141456604,932615.75,930727.9650598641,201,max iterations
222,cap71,30,6,1.1351377964019775,932615.75,932530.2136563497,21,reached dual gap tolerance
223,cap71,30,8,1.3036391735076904,932615.75,932529.4157170538,25,reached dual gap tolerance
224,cap71,30,10,1.1355571746826172,932615.75,932559.7840065479,20,reached dual gap tolerance
225,cap71,30,12,1.4137988090515137,932615.75,932552.7172096914,30,reached dual gap tolerance
226,cap71,30,14,1.2973005771636963,932615.75,932577.915558426,25,reached dual gap tolerance
227,cap71,30,16,1.5568294525146484,932615.75,932529.6002185072,31,reached dual gap tolerance
228,cap71,30,18,1.329467535018921,932615.75,932552.2645503693,27,reached dual gap tolerance
229,cap71,30,20,1.2099180221557617,932615.75,932592.059749472,23,reached dual gap tolerance
230,cap71,40,2,6.234179258346558,932615.75,924351.9842280402,201,max iterations
231,cap71,40,4,6.211548328399658,932615.75,931210.0953820884,201,max iterations
232,cap71,40,6,1.262321949005127,932615.75,932522.6121621907,20,reached dual gap tolerance
233,cap71,40,8,6.28873610496521,932615.75,932451.343490243,201,max iterations
234,cap71,40,10,1.2552998065948486,932615.75,932542.9114366533,20,reached dual gap tolerance
235,cap71,40,12,1.3005261421203613,932615.75,932607.0404641854,22,reached dual gap tolerance
236,cap71,40,14,1.2829604148864746,932615.75,932542.4696051031,21,reached dual gap tolerance
237,cap71,40,16,1.357527732849121,932615.75,932557.4649298453,23,reached dual gap tolerance
238,cap71,40,18,1.5088913440704346,932615.75,932615.75,29,reached subgradient tolerance and dual gap tolerance
239,cap71,40,20,1.4868574142456055,932615.75,932531.3526258357,28,reached dual gap tolerance
240,cap71,50,2,9.14854121208191,932615.75,926365.1833865156,201,max iterations
241,cap71,50,4,11.120936393737793,932615.75,931362.122854035,201,max iterations
242,cap71,50,6,1.73225998878479,932615.75,932566.5489944521,16,reached dual gap tolerance
243,cap71,50,8,1.7941687107086182,932615.75,932536.3260970731,15,reached dual gap tolerance
244,cap71,50,10,2.090989589691162,932615.75,932585.84375,19,reached dual gap tolerance
245,cap71,50,12,1.9692625999450684,932615.75,932597.3,16,reached dual gap tolerance
246,cap71,50,14,2.0094125270843506,932615.75,932535.368771029,17,reached dual gap tolerance
247,cap71,50,16,2.0610268115997314,932615.75,932556.0218893973,19,reached dual gap tolerance
248,cap71,50,18,2.08939528465271,932615.75,932537.6572818973,19,reached dual gap tolerance
249,cap71,50,20,2.062535285949707,932615.75,932539.706085793,19,reached dual gap tolerance
250,cap71,60,2,10.818485736846924,932615.75,926365.1833865156,201,max iterations
251,cap71,60,4,11.502833366394043,932615.75,931362.122854035,201,max iterations
252,cap71,60,6,1.9604933261871338,932615.75,932566.5489944521,16,reached dual gap tolerance
253,cap71,60,8,1.905740737915039,932615.75,932536.3260970731,15,reached dual gap tolerance
254,cap71,60,10,2.1563735008239746,932615.75,932585.84375,19,reached dual gap tolerance
255,cap71,60,12,1.939182996749878,932615.75,932597.3,16,reached dual gap tolerance
256,cap71,60,14,2.016465663909912,932615.75,932535.368771029,17,reached dual gap tolerance
257,cap71,60,16,2.1106553077697754,932615.75,932556.0218893973,19,reached dual gap tolerance
258,cap71,60,18,2.079163074493408,932615.75,932537.6572818973,19,reached dual gap tolerance
259,cap71,60,20,2.1038174629211426,932615.75,932539.706085793,19,reached dual gap tolerance
260,cap71,70,2,10.708426713943481,932615.75,926365.1833865156,201,max iterations
261,cap71,70,4,11.568296909332275,932615.75,931362.122854035,201,max iterations
262,cap71,70,6,2.073655366897583,932615.75,932566.5489944521,16,reached dual gap tolerance
263,cap71,70,8,1.9396355152130127,932615.75,932536.3260970731,15,reached dual gap tolerance
264,cap71,70,10,2.183516025543213,932615.75,932585.84375,19,reached dual gap tolerance
265,cap71,70,12,2.013867139816284,932615.75,932597.3,16,reached dual gap tolerance
266,cap71,70,14,2.095201015472412,932615.75,932535.368771029,17,reached dual gap tolerance
267,cap71,70,16,2.1071932315826416,932615.75,932556.0218893973,19,reached dual gap tolerance
268,cap71,70,18,2.0711536407470703,932615.75,932537.6572818973,19,reached dual gap tolerance
269,cap71,70,20,2.1939778327941895,932615.75,932539.706085793,19,reached dual gap tolerance
270,cap71,80,2,11.225505590438843,932615.75,926365.1833865156,201,max iterations
271,cap71,80,4,11.620661735534668,932615.75,931362.122854035,201,max iterations
272,cap71,80,6,2.1092193126678467,932615.75,932566.5489944521,16,reached dual gap tolerance
273,cap71,80,8,1.9814138412475586,932615.75,932536.3260970731,15,reached dual gap tolerance
274,cap71,80,10,2.157686948776245,932615.75,932585.84375,19,reached dual gap tolerance
275,cap71,80,12,2.00656795501709,932615.75,932597.3,16,reached dual gap tolerance
276,cap71,80,14,2.0472826957702637,932615.75,932535.368771029,17,reached dual gap tolerance
277,cap71,80,16,2.1896700859069824,932615.75,932556.0218893973,19,reached dual gap tolerance
278,cap71,80,18,2.4446682929992676,932615.75,932537.6572818973,19,reached dual gap tolerance
279,cap71,80,20,2.2933812141418457,932615.75,932539.706085793,19,reached dual gap tolerance
280,cap71,90,2,10.854755878448486,932615.75,926365.1833865156,201,max iterations
281,cap71,90,4,11.638180255889893,932615.75,931362.122854035,201,max iterations
282,cap71,90,6,2.5229246616363525,932615.75,932566.5489944521,16,reached dual gap tolerance
283,cap71,90,8,2.2233352661132812,932615.75,932536.3260970731,15,reached dual gap tolerance
284,cap71,90,10,2.306002378463745,932615.75,932585.84375,19,reached dual gap tolerance
285,cap71,90,12,2.5283420085906982,932615.75,932597.3,16,reached dual gap tolerance
286,cap71,90,14,2.3321733474731445,932615.75,932535.368771029,17,reached dual gap tolerance
287,cap71,90,16,2.300739288330078,932615.75,932556.0218893973,19,reached dual gap tolerance
288,cap71,90,18,2.61112904548645,932615.75,932537.6572818973,19,reached dual gap tolerance
289,cap71,90,20,2.325235605239868,932615.75,932539.706085793,19,reached dual gap tolerance
290,cap71,100,2,11.264879941940308,932615.75,926365.1833865156,201,max iterations
291,cap71,100,4,11.864144086837769,932615.75,931362.122854035,201,max iterations
292,cap71,100,6,2.2966225147247314,932615.75,932566.5489944521,16,reached dual gap tolerance
293,cap71,100,8,2.6562376022338867,932615.75,932536.3260970731,15,reached dual gap tolerance
294,cap71,100,10,2.6786301136016846,932615.75,932585.84375,19,reached dual gap tolerance
295,cap71,100,12,2.463853120803833,932615.75,932597.3,16,reached dual gap tolerance
296,cap71,100,14,2.59832763671875,932615.75,932535.368771029,17,reached dual gap tolerance
297,cap71,100,16,2.701563596725464,932615.75,932556.0218893973,19,reached dual gap tolerance
298,cap71,100,18,2.9967808723449707,932615.75,932537.6572818973,19,reached dual gap tolerance
299,cap71,100,20,2.702040433883667,932615.75,932539.706085793,19,reached dual gap tolerance
300,cap72,10,2,0.3950662612915039,0.0,0.0,0,unclear if the intergrality property holds
301,cap72,10,4,0.37543296813964844,0.0,0.0,0,unclear if the intergrality property holds
302,cap72,10,6,0.40318870544433594,0.0,0.0,0,unclear if the intergrality property holds
303,cap72,10,8,0.3257119655609131,0.0,0.0,0,unclear if the intergrality property holds
304,cap72,10,10,0.3768138885498047,0.0,0.0,0,unclear if the intergrality property holds
305,cap72,10,12,0.4287087917327881,0.0,0.0,0,unclear if the intergrality property holds
306,cap72,10,14,0.3774223327636719,0.0,0.0,0,unclear if the intergrality property holds
307,cap72,10,16,0.3979172706604004,0.0,0.0,0,unclear if the intergrality property holds
308,cap72,10,18,0.3617875576019287,0.0,0.0,0,unclear if the intergrality property holds
309,cap72,10,20,0.37700319290161133,0.0,0.0,0,unclear if the intergrality property holds
310,cap72,20,2,0.6200830936431885,0.0,0.0,0,unclear if the intergrality property holds
311,cap72,20,4,0.618011474609375,0.0,0.0,0,unclear if the intergrality property holds
312,cap72,20,6,0.5302858352661133,0.0,0.0,0,unclear if the intergrality property holds
313,cap72,20,8,0.6407849788665771,0.0,0.0,0,unclear if the intergrality property holds
314,cap72,20,10,0.4636235237121582,0.0,0.0,0,unclear if the intergrality property holds
315,cap72,20,12,0.6086485385894775,0.0,0.0,0,unclear if the intergrality property holds
316,cap72,20,14,0.6724951267242432,0.0,0.0,0,unclear if the intergrality property holds
317,cap72,20,16,0.5663785934448242,0.0,0.0,0,unclear if the intergrality property holds
318,cap72,20,18,0.6591060161590576,0.0,0.0,0,unclear if the intergrality property holds
319,cap72,20,20,0.47320103645324707,0.0,0.0,0,unclear if the intergrality property holds
320,cap72,30,2,10.329088926315308,977799.4000000001,963050.3190551376,201,max iterations
321,cap72,30,4,10.452209234237671,977799.4000000001,977587.7975750631,201,max iterations
322,cap72,30,6,1.4531915187835693,977799.4000000001,977736.783743267,18,reached dual gap tolerance
323,cap72,30,8,1.9477078914642334,977799.4000000001,977716.3486460008,22,reached dual gap tolerance
324,cap72,30,10,1.8253836631774902,977799.4000000001,977719.1526131406,19,reached dual gap tolerance
325,cap72,30,12,2.0638325214385986,977799.4000000001,977759.2554758089,23,reached dual gap tolerance
326,cap72,30,14,2.273456335067749,977799.4000000001,977780.9500000002,26,reached dual gap tolerance
327,cap72,30,16,2.2868168354034424,977799.4000000001,977799.4000000003,28,reached subgradient tolerance and dual gap tolerance
328,cap72,30,18,2.022783041000366,977799.4000000001,977722.4699526044,25,reached dual gap tolerance
329,cap72,30,20,2.140408754348755,977799.4000000001,977712.8646253994,27,reached dual gap tolerance
330,cap72,40,2,10.389555931091309,982615.75,949954.2441344387,201,max iterations
331,cap72,40,4,10.31644344329834,977799.4000000001,974614.0232829282,201,max iterations
332,cap72,40,6,2.907738208770752,977799.4000000001,977702.0379200892,37,reached dual gap tolerance
333,cap72,40,8,1.9385557174682617,977799.4000000001,977719.2066885931,18,reached dual gap tolerance
334,cap72,40,10,2.0090906620025635,977799.4000000001,977780.9500000001,19,reached dual gap tolerance
335,cap72,40,12,2.2151293754577637,977799.4000000001,977780.9500000002,22,reached dual gap tolerance
336,cap72,40,14,2.3308253288269043,977799.4000000001,977722.4296865388,26,reached dual gap tolerance
337,cap72,40,16,2.3843963146209717,977799.4000000001,977705.1500000001,28,reached dual gap tolerance
338,cap72,40,18,1.9976284503936768,977799.4000000001,977799.4000000001,26,reached subgradient tolerance and dual gap tolerance
339,cap72,40,20,2.252650499343872,977799.4000000001,977739.0242449509,31,reached dual gap tolerance
340,cap72,50,2,10.661601066589355,977799.4000000001,953728.3428778218,201,max iterations
341,cap72,50,4,10.776220560073853,977799.4000000001,975666.5688424561,201,max iterations
342,cap72,50,6,2.5716497898101807,977799.4000000001,977712.9249183782,30,reached dual gap tolerance
343,cap72,50,8,1.9402227401733398,977799.4000000001,977723.244665926,21,reached dual gap tolerance
344,cap72,50,10,1.9103233814239502,977799.4000000001,977713.1428993912,21,reached dual gap tolerance
345,cap72,50,12,1.9493725299835205,977799.4000000001,977741.615070967,20,reached dual gap tolerance
346,cap72,50,14,2.083925247192383,977799.4000000001,977725.723128237,22,reached dual gap tolerance
347,cap72,50,16,2.2969253063201904,977799.4000000001,977737.9688696935,26,reached dual gap tolerance
348,cap72,50,18,2.352407932281494,977799.4000000001,977780.9500000003,31,reached dual gap tolerance
349,cap72,50,20,2.444106340408325,977799.4000000001,977711.658397464,27,reached dual gap tolerance
350,cap72,60,2,10.756019592285156,977799.4000000001,953728.3428778218,201,max iterations
351,cap72,60,4,11.052528381347656,977799.4000000001,975666.5688424561,201,max iterations
352,cap72,60,6,2.7399754524230957,977799.4000000001,977712.9249183782,30,reached dual gap tolerance
353,cap72,60,8,2.0279247760772705,977799.4000000001,977723.244665926,21,reached dual gap tolerance
354,cap72,60,10,1.971602201461792,977799.4000000001,977713.1428993912,21,reached dual gap tolerance
355,cap72,60,12,1.925825595855713,977799.4000000001,977741.615070967,20,reached dual gap tolerance
356,cap72,60,14,2.1489970684051514,977799.4000000001,977725.723128237,22,reached dual gap tolerance
357,cap72,60,16,2.2279887199401855,977799.4000000001,977737.9688696935,26,reached dual gap tolerance
358,cap72,60,18,2.873473882675171,977799.4000000001,977780.9500000003,31,reached dual gap tolerance
359,cap72,60,20,2.7015063762664795,977799.4000000001,977711.658397464,27,reached dual gap tolerance
360,cap72,70,2,10.678339958190918,977799.4000000001,953728.3428778218,201,max iterations
361,cap72,70,4,11.202378988265991,977799.4000000001,975666.5688424561,201,max iterations
362,cap72,70,6,2.7598299980163574,977799.4000000001,977712.9249183782,30,reached dual gap tolerance
363,cap72,70,8,2.4417595863342285,977799.4000000001,977723.244665926,21,reached dual gap tolerance
364,cap72,70,10,2.306645631790161,977799.4000000001,977713.1428993912,21,reached dual gap tolerance
365,cap72,70,12,2.171396017074585,977799.4000000001,977741.615070967,20,reached dual gap tolerance
366,cap72,70,14,2.1390738487243652,977799.4000000001,977725.723128237,22,reached dual gap tolerance
367,cap72,70,16,2.690415859222412,977799.4000000001,977737.9688696935,26,reached dual gap tolerance
368,cap72,70,18,2.677945375442505,977799.4000000001,977780.9500000003,31,reached dual gap tolerance
369,cap72,70,20,2.6891520023345947,977799.4000000001,977711.658397464,27,reached dual gap tolerance
370,cap72,80,2,11.380640745162964,977799.4000000001,953728.3428778218,201,max iterations
371,cap72,80,4,11.488605499267578,977799.4000000001,975666.5688424561,201,max iterations
372,cap72,80,6,2.767665386199951,977799.4000000001,977712.9249183782,30,reached dual gap tolerance
373,cap72,80,8,2.445462465286255,977799.4000000001,977723.244665926,21,reached dual gap tolerance
374,cap72,80,10,2.257798910140991,977799.4000000001,977713.1428993912,21,reached dual gap tolerance
375,cap72,80,12,2.6841061115264893,977799.4000000001,977741.615070967,20,reached dual gap tolerance
376,cap72,80,14,2.4899768829345703,977799.4000000001,977725.723128237,22,reached dual gap tolerance
377,cap72,80,16,2.8070321083068848,977799.4000000001,977737.9688696935,26,reached dual gap tolerance
378,cap72,80,18,3.1264567375183105,977799.4000000001,977780.9500000003,31,reached dual gap tolerance
379,cap72,80,20,3.169532299041748,977799.4000000001,977711.658397464,27,reached dual gap tolerance
380,cap72,90,2,12.259147882461548,977799.4000000001,953728.3428778218,201,max iterations
381,cap72,90,4,11.404176950454712,977799.4000000001,975666.5688424561,201,max iterations
382,cap72,90,6,2.9359376430511475,977799.4000000001,977712.9249183782,30,reached dual gap tolerance
383,cap72,90,8,2.6714038848876953,977799.4000000001,977723.244665926,21,reached dual gap tolerance
384,cap72,90,10,2.8426895141601562,977799.4000000001,977713.1428993912,21,reached dual gap tolerance
385,cap72,90,12,2.8228759765625,977799.4000000001,977741.615070967,20,reached dual gap tolerance
386,cap72,90,14,2.7391109466552734,977799.4000000001,977725.723128237,22,reached dual gap tolerance
387,cap72,90,16,3.0145785808563232,977799.4000000001,977737.9688696935,26,reached dual gap tolerance
388,cap72,90,18,3.0503108501434326,977799.4000000001,977780.9500000003,31,reached dual gap tolerance
389,cap72,90,20,2.8882856369018555,977799.4000000001,977711.658397464,27,reached dual gap tolerance
390,cap72,100,2,11.467613935470581,977799.4000000001,953728.3428778218,201,max iterations
391,cap72,100,4,12.536041736602783,977799.4000000001,975666.5688424561,201,max iterations
392,cap72,100,6,3.0256989002227783,977799.4000000001,977712.9249183782,30,reached dual gap tolerance
393,cap72,100,8,2.687093496322632,977799.4000000001,977723.244665926,21,reached dual gap tolerance
394,cap72,100,10,2.808068037033081,977799.4000000001,977713.1428993912,21,reached dual gap tolerance
395,cap72,100,12,2.7430922985076904,977799.4000000001,977741.615070967,20,reached dual gap tolerance
396,cap72,100,14,2.923365354537964,977799.4000000001,977725.723128237,22,reached dual gap tolerance
397,cap72,100,16,2.714038848876953,977799.4000000001,977737.9688696935,26,reached dual gap tolerance
398,cap72,100,18,3.034825086593628,977799.4000000001,977780.9500000003,31,reached dual gap tolerance
399,cap72,100,20,2.8785979747772217,977799.4000000001,977711.658397464,27,reached dual gap tolerance
400,cap81,10,2,0.49706315994262695,0.0,0.0,0,unclear if the intergrality property holds
401,cap81,10,4,0.34627795219421387,0.0,0.0,0,unclear if the intergrality property holds
402,cap81,10,6,0.44441938400268555,0.0,0.0,0,unclear if the intergrality property holds
403,cap81,10,8,0.4161684513092041,0.0,0.0,0,unclear if the intergrality property holds
404,cap81,10,10,0.3849799633026123,0.0,0.0,0,unclear if the intergrality property holds
405,cap81,10,12,0.4005265235900879,0.0,0.0,0,unclear if the intergrality property holds
406,cap81,10,14,0.4138195514678955,0.0,0.0,0,unclear if the intergrality property holds
407,cap81,10,16,0.348724365234375,0.0,0.0,0,unclear if the intergrality property holds
408,cap81,10,18,0.4004843235015869,0.0,0.0,0,unclear if the intergrality property holds
409,cap81,10,20,0.3944430351257324,0.0,0.0,0,unclear if the intergrality property holds
410,cap81,20,2,11.718868732452393,846780.2125,817740.3196155613,201,max iterations
411,cap81,20,4,13.992283582687378,849729.7125,828600.9846260775,201,max iterations
412,cap81,20,6,12.207850933074951,839463.925,833785.5602495812,201,max iterations
413,cap81,20,8,12.99039363861084,839463.925,835025.9951338222,201,max iterations
414,cap81,20,10,12.643273830413818,839654.4,836200.08067744,201,max iterations
415,cap81,20,12,13.633982419967651,838499.2875,837016.7795219581,201,max iterations
416,cap81,20,14,13.564154386520386,838499.2875,837017.0962666924,201,max iterations
417,cap81,20,16,14.428291082382202,838499.2875,837016.9763454479,201,max iterations
418,cap81,20,18,13.624019384384155,838499.2875,837016.2711884773,201,max iterations
419,cap81,20,20,13.439071655273438,838499.2875,837016.4805760403,201,max iterations
420,cap81,30,2,15.039614915847778,854733.7000000001,795478.759090909,201,max iterations
421,cap81,30,4,12.208871126174927,846780.2125,830950.1228165156,201,max iterations
422,cap81,30,6,13.518425226211548,839654.4,827181.2385579371,201,max iterations
423,cap81,30,8,15.88373875617981,839654.4,834047.3976214891,201,max iterations
424,cap81,30,10,14.5910484790802,839654.4,835581.6441871049,201,max iterations
425,cap81,30,12,14.791829109191895,839654.4,836444.919854512,201,max iterations
426,cap81,30,14,15.231765747070312,839654.4,836197.8880515498,201,max iterations
427,cap81,30,16,14.618552207946777,838499.2875,837012.741367739,201,max iterations
428,cap81,30,18,14.572262287139893,838499.2875,837016.7617704205,201,max iterations
429,cap81,30,20,15.677019596099854,838499.2875,837015.7445156896,201,max iterations
430,cap81,40,2,14.632369756698608,854733.7000000001,795478.759090909,201,max iterations
431,cap81,40,4,15.60255217552185,846780.2125,830950.1228165156,201,max iterations
432,cap81,40,6,15.151556491851807,839654.4,827181.2385579371,201,max iterations
433,cap81,40,8,15.779133081436157,839654.4,834047.3976214891,201,max iterations
434,cap81,40,10,15.035270690917969,839654.4,835581.6441871049,201,max iterations
435,cap81,40,12,15.619715929031372,839654.4,836444.919854512,201,max iterations
436,cap81,40,14,15.803983688354492,839654.4,836197.8880515498,201,max iterations
437,cap81,40,16,15.473190307617188,838499.2875,837012.741367739,201,max iterations
438,cap81,40,18,15.494997262954712,838499.2875,837016.7617704205,201,max iterations
439,cap81,40,20,15.376647233963013,838499.2875,837015.7445156896,201,max iterations
440,cap81,50,2,15.5796058177948,854733.7000000001,795478.759090909,201,max iterations
441,cap81,50,4,15.641227006912231,846780.2125,830950.1228165156,201,max iterations
442,cap81,50,6,15.710044860839844,839654.4,827181.2385579371,201,max iterations
443,cap81,50,8,15.913307189941406,839654.4,834047.3976214891,201,max iterations
444,cap81,50,10,15.330265045166016,839654.4,835581.6441871049,201,max iterations
445,cap81,50,12,15.728325366973877,839654.4,836444.919854512,201,max iterations
446,cap81,50,14,15.28845500946045,839654.4,836197.8880515498,201,max iterations
447,cap81,50,16,15.48928689956665,838499.2875,837012.741367739,201,max iterations
448,cap81,50,18,15.682328462600708,838499.2875,837016.7617704205,201,max iterations
449,cap81,50,20,15.357127904891968,838499.2875,837015.7445156896,201,max iterations
450,cap81,60,2,15.236934423446655,854733.7000000001,795478.759090909,201,max iterations
451,cap81,60,4,16.11476159095764,846780.2125,830950.1228165156,201,max iterations
452,cap81,60,6,15.75665020942688,839654.4,827181.2385579371,201,max iterations
453,cap81,60,8,16.283682346343994,839654.4,834047.3976214891,201,max iterations
454,cap81,60,10,16.050841808319092,839654.4,835581.6441871049,201,max iterations
455,cap81,60,12,16.58171033859253,839654.4,836444.919854512,201,max iterations
456,cap81,60,14,16.608637809753418,839654.4,836197.8880515498,201,max iterations
457,cap81,60,16,16.347660541534424,838499.2875,837012.741367739,201,max iterations
458,cap81,60,18,16.13804578781128,838499.2875,837016.7617704205,201,max iterations
459,cap81,60,20,16.030676126480103,838499.2875,837015.7445156896,201,max iterations
460,cap81,70,2,15.228808403015137,854733.7000000001,795478.759090909,201,max iterations
461,cap81,70,4,15.945715188980103,846780.2125,830950.1228165156,201,max iterations
462,cap81,70,6,15.450807332992554,839654.4,827181.2385579371,201,max iterations
463,cap81,70,8,16.486820697784424,839654.4,834047.3976214891,201,max iterations
464,cap81,70,10,16.796183586120605,839654.4,835581.6441871049,201,max iterations
465,cap81,70,12,16.101152658462524,839654.4,836444.919854512,201,max iterations
466,cap81,70,14,16.360119581222534,839654.4,836197.8880515498,201,max iterations
467,cap81,70,16,17.331550121307373,838499.2875,837012.741367739,201,max iterations
468,cap81,70,18,16.39718008041382,838499.2875,837016.7617704205,201,max iterations
469,cap81,70,20,16.214606761932373,838499.2875,837015.7445156896,201,max iterations
470,cap81,80,2,15.861790657043457,854733.7000000001,795478.759090909,201,max iterations
471,cap81,80,4,16.781986951828003,846780.2125,830950.1228165156,201,max iterations
472,cap81,80,6,16.5191707611084,839654.4,827181.2385579371,201,max iterations
473,cap81,80,8,17.986127853393555,839654.4,834047.3976214891,201,max iterations
474,cap81,80,10,16.735203981399536,839654.4,835581.6441871049,201,max iterations
475,cap81,80,12,16.47990608215332,839654.4,836444.919854512,201,max iterations
476,cap81,80,14,16.91619110107422,839654.4,836197.8880515498,201,max iterations
477,cap81,80,16,16.607061862945557,838499.2875,837012.741367739,201,max iterations
478,cap81,80,18,16.22931432723999,838499.2875,837016.7617704205,201,max iterations
479,cap81,80,20,16.906682014465332,838499.2875,837015.7445156896,201,max iterations
480,cap81,90,2,16.010432481765747,854733.7000000001,795478.759090909,201,max iterations
481,cap81,90,4,16.210302352905273,846780.2125,830950.1228165156,201,max iterations
482,cap81,90,6,16.04161548614502,839654.4,827181.2385579371,201,max iterations
483,cap81,90,8,17.341843128204346,839654.4,834047.3976214891,201,max iterations
484,cap81,90,10,16.3969144821167,839654.4,835581.6441871049,201,max iterations
485,cap81,90,12,16.491035223007202,839654.4,836444.919854512,201,max iterations
486,cap81,90,14,17.88042378425598,839654.4,836197.8880515498,201,max iterations
487,cap81,90,16,17.38773226737976,838499.2875,837012.741367739,201,max iterations
488,cap81,90,18,16.369219541549683,838499.2875,837016.7617704205,201,max iterations
489,cap81,90,20,16.130504846572876,838499.2875,837015.7445156896,201,max iterations
490,cap81,100,2,16.349753856658936,854733.7000000001,795478.759090909,201,max iterations
491,cap81,100,4,16.641933917999268,846780.2125,830950.1228165156,201,max iterations
492,cap81,100,6,16.36852240562439,839654.4,827181.2385579371,201,max iterations
493,cap81,100,8,17.359388828277588,839654.4,834047.3976214891,201,max iterations
494,cap81,100,10,16.793848037719727,839654.4,835581.6441871049,201,max iterations
495,cap81,100,12,16.577858448028564,839654.4,836444.919854512,201,max iterations
496,cap81,100,14,17.2264244556427,839654.4,836197.8880515498,201,max iterations
497,cap81,100,16,16.242689609527588,838499.2875,837012.741367739,201,max iterations
498,cap81,100,18,16.791524410247803,838499.2875,837016.7617704205,201,max iterations
499,cap81,100,20,17.86716341972351,838499.2875,837015.7445156896,201,max iterations
500,cap82,10,2,15.952147722244263,934362.5750000001,872823.6695674184,201,max iterations
501,cap82,10,4,16.14322304725647,916096.1875000001,899108.335827625,201,max iterations
502,cap82,10,6,15.749335527420044,914640.2999999999,902493.1348559335,201,max iterations
503,cap82,10,8,16.806295156478882,914640.2999999999,904688.0883708321,201,max iterations
504,cap82,10,10,15.897379875183105,914640.2999999999,906654.033716068,201,max iterations
505,cap82,10,12,16.458726406097412,914640.2999999999,908033.6068539748,201,max iterations
506,cap82,10,14,16.44522762298584,914640.2999999999,908361.61529064,201,max iterations
507,cap82,10,16,16.525391578674316,914640.2999999999,909186.8388425942,201,max iterations
508,cap82,10,18,16.392686367034912,910889.5625,909343.9168959276,201,max iterations
509,cap82,10,20,16.53658175468445,910889.5625,909527.2613232257,201,max iterations
510,cap82,20,2,16.137329578399658,910889.5625,870490.5468501414,201,max iterations
511,cap82,20,4,16.665278911590576,910889.5625,903519.5748651526,201,max iterations
512,cap82,20,6,16.519411325454712,910889.5625,904834.8155943784,201,max iterations
513,cap82,20,8,16.923884630203247,910889.5625,908499.8592761363,201,max iterations
514,cap82,20,10,16.742307424545288,910889.5625,909807.2021035303,201,max iterations
515,cap82,20,12,16.7492892742157,910889.5625,910032.2590407028,201,max iterations
516,cap82,20,14,16.408684730529785,910889.5625,910087.1827351718,201,max iterations
517,cap82,20,16,16.735275745391846,910889.5625,910155.3773322799,201,max iterations
518,cap82,20,18,16.82826590538025,910889.5625,910223.2640639294,201,max iterations
519,cap82,20,20,16.825690984725952,910889.5625,910309.6906433821,201,max iterations
520,cap82,30,2,15.602973937988281,910889.5625,870490.5468501414,201,max iterations
521,cap82,30,4,16.921865463256836,910889.5625,903519.5748651526,201,max iterations
522,cap82,30,6,16.40629768371582,910889.5625,904834.8155943784,201,max iterations
523,cap82,30,8,16.713097095489502,910889.5625,908499.8592761363,201,max iterations
524,cap82,30,10,16.478435277938843,910889.5625,909807.2021035303,201,max iterations
525,cap82,30,12,16.606265783309937,910889.5625,910032.2590407028,201,max iterations
526,cap82,30,14,16.401822805404663,910889.5625,910087.1827351718,201,max iterations
527,cap82,30,16,17.099801540374756,910889.5625,910155.3773322799,201,max iterations
528,cap82,30,18,16.91361427307129,910889.5625,910223.2640639294,201,max iterations
529,cap82,30,20,16.75408411026001,910889.5625,910309.6906433821,201,max iterations
530,cap82,40,2,16.590728044509888,910889.5625,870490.5468501414,201,max iterations
531,cap82,40,4,16.94398808479309,910889.5625,903519.5748651526,201,max iterations
532,cap82,40,6,16.843476057052612,910889.5625,904834.8155943784,201,max iterations
533,cap82,40,8,17.128571271896362,910889.5625,908499.8592761363,201,max iterations
534,cap82,40,10,16.979971408843994,910889.5625,909807.2021035303,201,max iterations
535,cap82,40,12,16.905181407928467,910889.5625,910032.2590407028,201,max iterations
536,cap82,40,14,16.687026023864746,910889.5625,910087.1827351718,201,max iterations
537,cap82,40,16,16.207119941711426,910889.5625,910155.3773322799,201,max iterations
538,cap82,40,18,15.955636501312256,910889.5625,910223.2640639294,201,max iterations
539,cap82,40,20,17.42649221420288,910889.5625,910309.6906433821,201,max iterations
540,cap82,50,2,15.20253610610962,910889.5625,870490.5468501414,201,max iterations
541,cap82,50,4,16.356423139572144,910889.5625,903519.5748651526,201,max iterations
542,cap82,50,6,16.082764387130737,910889.5625,904834.8155943784,201,max iterations
543,cap82,50,8,16.262650966644287,910889.5625,908499.8592761363,201,max iterations
544,cap82,50,10,16.612080812454224,910889.5625,909807.2021035303,201,max iterations
545,cap82,50,12,17.016823291778564,910889.5625,910032.2590407028,201,max iterations
546,cap82,50,14,15.9464852809906,910889.5625,910087.1827351718,201,max iterations
547,cap82,50,16,16.58197283744812,910889.5625,910155.3773322799,201,max iterations
548,cap82,50,18,16.829164266586304,910889.5625,910223.2640639294,201,max iterations
549,cap82,50,20,16.32547950744629,910889.5625,910309.6906433821,201,max iterations
550,cap82,60,2,15.577371835708618,910889.5625,870490.5468501414,201,max iterations
551,cap82,60,4,16.657763957977295,910889.5625,903519.5748651526,201,max iterations
552,cap82,60,6,16.30523443222046,910889.5625,904834.8155943784,201,max iterations
553,cap82,60,8,17.39646553993225,910889.5625,908499.8592761363,201,max iterations
554,cap82,60,10,17.234509706497192,910889.5625,909807.2021035303,201,max iterations
555,cap82,60,12,17.45936870574951,910889.5625,910032.2590407028,201,max iterations
556,cap82,60,14,16.77829146385193,910889.5625,910087.1827351718,201,max iterations
557,cap82,60,16,17.110246658325195,910889.5625,910155.3773322799,201,max iterations
558,cap82,60,18,17.489116668701172,910889.5625,910223.2640639294,201,max iterations
559,cap82,60,20,17.377030849456787,910889.5625,910309.6906433821,201,max iterations
560,cap82,70,2,16.64525008201599,910889.5625,870490.5468501414,201,max iterations
561,cap82,70,4,17.526893377304077,910889.5625,903519.5748651526,201,max iterations
562,cap82,70,6,17.30379867553711,910889.5625,904834.8155943784,201,max iterations
563,cap82,70,8,16.997031450271606,910889.5625,908499.8592761363,201,max iterations
564,cap82,70,10,17.34322762489319,910889.5625,909807.2021035303,201,max iterations
565,cap82,70,12,17.409305334091187,910889.5625,910032.2590407028,201,max iterations
566,cap82,70,14,17.16568684577942,910889.5625,910087.1827351718,201,max iterations
567,cap82,70,16,17.5380380153656,910889.5625,910155.3773322799,201,max iterations
568,cap82,70,18,17.338287830352783,910889.5625,910223.2640639294,201,max iterations
569,cap82,70,20,17.178975582122803,910889.5625,910309.6906433821,201,max iterations
570,cap82,80,2,17.085578203201294,910889.5625,870490.5468501414,201,max iterations
571,cap82,80,4,17.608583688735962,910889.5625,903519.5748651526,201,max iterations
572,cap82,80,6,17.60884380340576,910889.5625,904834.8155943784,201,max iterations
573,cap82,80,8,17.535872220993042,910889.5625,908499.8592761363,201,max iterations
574,cap82,80,10,18.231491804122925,910889.5625,909807.2021035303,201,max iterations
575,cap82,80,12,17.66969084739685,910889.5625,910032.2590407028,201,max iterations
576,cap82,80,14,17.549583911895752,910889.5625,910087.1827351718,201,max iterations
577,cap82,80,16,17.597030878067017,910889.5625,910155.3773322799,201,max iterations
578,cap82,80,18,17.651845455169678,910889.5625,910223.2640639294,201,max iterations
579,cap82,80,20,17.831201553344727,910889.5625,910309.6906433821,201,max iterations
580,cap82,90,2,17.05199146270752,910889.5625,870490.5468501414,201,max iterations
581,cap82,90,4,17.618098497390747,910889.5625,903519.5748651526,201,max iterations
582,cap82,90,6,17.530206441879272,910889.5625,904834.8155943784,201,max iterations
583,cap82,90,8,17.699113845825195,910889.5625,908499.8592761363,201,max iterations
584,cap82,90,10,17.568915605545044,910889.5625,909807.2021035303,201,max iterations
585,cap82,90,12,17.77912211418152,910889.5625,910032.2590407028,201,max iterations
586,cap82,90,14,17.231782913208008,910889.5625,910087.1827351718,201,max iterations
587,cap82,90,16,17.868195056915283,910889.5625,910155.3773322799,201,max iterations
588,cap82,90,18,17.866544246673584,910889.5625,910223.2640639294,201,max iterations
589,cap82,90,20,17.542820930480957,910889.5625,910309.6906433821,201,max iterations
590,cap82,100,2,17.459152460098267,910889.5625,870490.5468501414,201,max iterations
591,cap82,100,4,18.038740634918213,910889.5625,903519.5748651526,201,max iterations
592,cap82,100,6,17.812508583068848,910889.5625,904834.8155943784,201,max iterations
593,cap82,100,8,17.966352701187134,910889.5625,908499.8592761363,201,max iterations
594,cap82,100,10,18.030506372451782,910889.5625,909807.2021035303,201,max iterations
595,cap82,100,12,18.109996795654297,910889.5625,910032.2590407028,201,max iterations
596,cap82,100,14,17.859909296035767,910889.5625,910087.1827351718,201,max iterations
597,cap82,100,16,17.895219087600708,910889.5625,910155.3773322799,201,max iterations
598,cap82,100,18,18.049690008163452,910889.5625,910223.2640639294,201,max iterations
599,cap82,100,20,18.16023898124695,910889.5625,910309.6906433821,201,max iterations
600,cap101,10,2,0.6055958271026611,0.0,0.0,0,unclear if the intergrality property holds
601,cap101,10,4,0.5851285457611084,0.0,0.0,0,unclear if the intergrality property holds
602,cap101,10,6,0.573828935623169,0.0,0.0,0,unclear if the intergrality property holds
603,cap101,10,8,0.55684494972229,0.0,0.0,0,unclear if the intergrality property holds
604,cap101,10,10,0.5929992198944092,0.0,0.0,0,unclear if the intergrality property holds
605,cap101,10,12,0.5525174140930176,0.0,0.0,0,unclear if the intergrality property holds
606,cap101,10,14,0.5494449138641357,0.0,0.0,0,unclear if the intergrality property holds
607,cap101,10,16,0.5522646903991699,0.0,0.0,0,unclear if the intergrality property holds
608,cap101,10,18,0.5859873294830322,0.0,0.0,0,unclear if the intergrality property holds
609,cap101,10,20,0.5849132537841797,0.0,0.0,0,unclear if the intergrality property holds
610,cap101,20,2,0.9554650783538818,0.0,0.0,0,unclear if the intergrality property holds
611,cap101,20,4,0.9504802227020264,0.0,0.0,0,unclear if the intergrality property holds
612,cap101,20,6,0.9112014770507812,0.0,0.0,0,unclear if the intergrality property holds
613,cap101,20,8,0.7851114273071289,0.0,0.0,0,unclear if the intergrality property holds
614,cap101,20,10,0.9323775768280029,0.0,0.0,0,unclear if the intergrality property holds
615,cap101,20,12,0.9414598941802979,0.0,0.0,0,unclear if the intergrality property holds
616,cap101,20,14,0.8928792476654053,0.0,0.0,0,unclear if the intergrality property holds
617,cap101,20,16,0.913748025894165,0.0,0.0,0,unclear if the intergrality property holds
618,cap101,20,18,0.913142204284668,0.0,0.0,0,unclear if the intergrality property holds
619,cap101,20,20,0.9146983623504639,0.0,0.0,0,unclear if the intergrality property holds
620,cap101,30,2,10.88744330406189,799593.4875000002,775186.2793336777,201,max iterations
621,cap101,30,4,10.7361900806427,796648.4375000002,787359.1600111022,201,max iterations
622,cap101,30,6,11.11800742149353,796648.4375000002,793018.23138024,201,max iterations
623,cap101,30,8,10.85128116607666,796648.4375000002,796164.4031783943,201,max iterations
624,cap101,30,10,2.500633955001831,796648.4375000002,796571.2912101655,28,reached dual gap tolerance
625,cap101,30,12,3.1863486766815186,796648.4375000002,796572.6026839556,43,reached dual gap tolerance
626,cap101,30,14,3.061828136444092,796648.4375000002,796648.4374999998,41,reached subgradient tolerance and dual gap tolerance
627,cap101,30,16,2.6761367321014404,796648.4375000002,796648.4375000003,32,reached subgradient tolerance and dual gap tolerance
628,cap101,30,18,3.4455769062042236,796648.4375000002,796592.4637246688,45,reached dual gap tolerance
629,cap101,30,20,3.5020458698272705,796648.4375000002,796605.5400095729,44,reached dual gap tolerance
630,cap101,40,2,11.106469869613647,801787.4125000002,778717.3897090747,201,max iterations
631,cap101,40,4,11.201454162597656,797657.2750000003,792555.2072786004,201,max iterations
632,cap101,40,6,11.373450517654419,796648.4375000002,793064.3710996356,201,max iterations
633,cap101,40,8,11.653416872024536,796648.4375000002,796564.9009942433,201,max iterations
634,cap101,40,10,3.1702680587768555,796648.4375000002,796586.1779063176,39,reached dual gap tolerance
635,cap101,40,12,2.8052942752838135,796648.4375000002,796615.9856276044,32,reached dual gap tolerance
636,cap101,40,14,2.68835711479187,796648.4375000002,796568.8826286118,26,reached dual gap tolerance
637,cap101,40,16,2.7600393295288086,796648.4375000002,796588.6666942381,28,reached dual gap tolerance
638,cap101,40,18,3.2059621810913086,796648.4375000002,796600.8940274119,34,reached dual gap tolerance
639,cap101,40,20,3.298708200454712,796648.4375000002,796576.6553205157,37,reached dual gap tolerance
640,cap101,50,2,11.255627632141113,801787.4125000002,778717.3897090747,201,max iterations
641,cap101,50,4,12.011058330535889,797657.2750000003,792555.2072786004,201,max iterations
642,cap101,50,6,11.264987707138062,796648.4375000002,793064.3710996356,201,max iterations
643,cap101,50,8,11.670180797576904,796648.4375000002,796564.9009942433,201,max iterations
644,cap101,50,10,3.510481595993042,796648.4375000002,796586.1779063176,39,reached dual gap tolerance
645,cap101,50,12,2.982060432434082,796648.4375000002,796615.9856276044,32,reached dual gap tolerance
646,cap101,50,14,2.8401260375976562,796648.4375000002,796568.8826286118,26,reached dual gap tolerance
647,cap101,50,16,2.932452440261841,796648.4375000002,796588.6666942381,28,reached dual gap tolerance
648,cap101,50,18,3.2884163856506348,796648.4375000002,796600.8940274119,34,reached dual gap tolerance
649,cap101,50,20,3.349546432495117,796648.4375000002,796576.6553205157,37,reached dual gap tolerance
650,cap101,60,2,11.402183055877686,801787.4125000002,778717.3897090747,201,max iterations
651,cap101,60,4,11.553433895111084,797657.2750000003,792555.2072786004,201,max iterations
652,cap101,60,6,11.043210983276367,796648.4375000002,793064.3710996356,201,max iterations
653,cap101,60,8,10.072288036346436,796648.4375000002,796564.9009942433,201,max iterations
654,cap101,60,10,3.428661823272705,796648.4375000002,796586.1779063176,39,reached dual gap tolerance
655,cap101,60,12,2.9071338176727295,796648.4375000002,796615.9856276044,32,reached dual gap tolerance
656,cap101,60,14,2.774261236190796,796648.4375000002,796568.8826286118,26,reached dual gap tolerance
657,cap101,60,16,2.924186944961548,796648.4375000002,796588.6666942381,28,reached dual gap tolerance
658,cap101,60,18,2.930802583694458,796648.4375000002,796600.8940274119,34,reached dual gap tolerance
659,cap101,60,20,3.080254316329956,796648.4375000002,796576.6553205157,37,reached dual gap tolerance
660,cap101,70,2,10.034050226211548,801787.4125000002,778717.3897090747,201,max iterations
661,cap101,70,4,10.522274494171143,797657.2750000003,792555.2072786004,201,max iterations
662,cap101,70,6,10.995264053344727,796648.4375000002,793064.3710996356,201,max iterations
663,cap101,70,8,11.50955080986023,796648.4375000002,796564.9009942433,201,max iterations
664,cap101,70,10,3.8556864261627197,796648.4375000002,796586.1779063176,39,reached dual gap tolerance
665,cap101,70,12,3.675372362136841,796648.4375000002,796615.9856276044,32,reached dual gap tolerance
666,cap101,70,14,3.073655605316162,796648.4375000002,796568.8826286118,26,reached dual gap tolerance
667,cap101,70,16,3.2612686157226562,796648.4375000002,796588.6666942381,28,reached dual gap tolerance
668,cap101,70,18,4.025339603424072,796648.4375000002,796600.8940274119,34,reached dual gap tolerance
669,cap101,70,20,3.921916961669922,796648.4375000002,796576.6553205157,37,reached dual gap tolerance
670,cap101,80,2,10.376016616821289,801787.4125000002,778717.3897090747,201,max iterations
671,cap101,80,4,10.774838924407959,797657.2750000003,792555.2072786004,201,max iterations
672,cap101,80,6,10.237247705459595,796648.4375000002,793064.3710996356,201,max iterations
673,cap101,80,8,10.341464757919312,796648.4375000002,796564.9009942433,201,max iterations
674,cap101,80,10,3.403928756713867,796648.4375000002,796586.1779063176,39,reached dual gap tolerance
675,cap101,80,12,3.419630527496338,796648.4375000002,796615.9856276044,32,reached dual gap tolerance
676,cap101,80,14,2.991136074066162,796648.4375000002,796568.8826286118,26,reached dual gap tolerance
677,cap101,80,16,3.027269124984741,796648.4375000002,796588.6666942381,28,reached dual gap tolerance
678,cap101,80,18,3.514399290084839,796648.4375000002,796600.8940274119,34,reached dual gap tolerance
679,cap101,80,20,3.6279211044311523,796648.4375000002,796576.6553205157,37,reached dual gap tolerance
680,cap101,90,2,10.498802185058594,801787.4125000002,778717.3897090747,201,max iterations
681,cap101,90,4,10.775251626968384,797657.2750000003,792555.2072786004,201,max iterations
682,cap101,90,6,10.344740629196167,796648.4375000002,793064.3710996356,201,max iterations
683,cap101,90,8,10.442070722579956,796648.4375000002,796564.9009942433,201,max iterations
684,cap101,90,10,3.8299977779388428,796648.4375000002,796586.1779063176,39,reached dual gap tolerance
685,cap101,90,12,3.363239049911499,796648.4375000002,796615.9856276044,32,reached dual gap tolerance
686,cap101,90,14,3.3696649074554443,796648.4375000002,796568.8826286118,26,reached dual gap tolerance
687,cap101,90,16,3.2836639881134033,796648.4375000002,796588.6666942381,28,reached dual gap tolerance
688,cap101,90,18,3.437662124633789,796648.4375000002,796600.8940274119,34,reached dual gap tolerance
689,cap101,90,20,3.725184917449951,796648.4375000002,796576.6553205157,37,reached dual gap tolerance
690,cap101,100,2,10.397733688354492,801787.4125000002,778717.3897090747,201,max iterations
691,cap101,100,4,11.129725694656372,797657.2750000003,792555.2072786004,201,max iterations
692,cap101,100,6,11.123172283172607,796648.4375000002,793064.3710996356,201,max iterations
693,cap101,100,8,10.874488115310669,796648.4375000002,796564.9009942433,201,max iterations
694,cap101,100,10,3.95382022857666,796648.4375000002,796586.1779063176,39,reached dual gap tolerance
695,cap101,100,12,3.645279884338379,796648.4375000002,796615.9856276044,32,reached dual gap tolerance
696,cap101,100,14,3.568903923034668,796648.4375000002,796568.8826286118,26,reached dual gap tolerance
697,cap101,100,16,3.380666494369507,796648.4375000002,796588.6666942381,28,reached dual gap tolerance
698,cap101,100,18,3.9103739261627197,796648.4375000002,796600.8940274119,34,reached dual gap tolerance
699,cap101,100,20,3.693772077560425,796648.4375000002,796576.6553205157,37,reached dual gap tolerance
700,cap102,10,2,0.5389609336853027,0.0,0.0,0,unclear if the intergrality property holds
701,cap102,10,4,0.5235371589660645,0.0,0.0,0,unclear if the intergrality property holds
702,cap102,10,6,0.5463905334472656,0.0,0.0,0,unclear if the intergrality property holds
703,cap102,10,8,0.5351247787475586,0.0,0.0,0,unclear if the intergrality property holds
704,cap102,10,10,0.5776019096374512,0.0,0.0,0,unclear if the intergrality property holds
705,cap102,10,12,0.5190317630767822,0.0,0.0,0,unclear if the intergrality property holds
706,cap102,10,14,0.5445656776428223,0.0,0.0,0,unclear if the intergrality property holds
707,cap102,10,16,0.5314922332763672,0.0,0.0,0,unclear if the intergrality property holds
708,cap102,10,18,0.5022001266479492,0.0,0.0,0,unclear if the intergrality property holds
709,cap102,10,20,0.5607821941375732,0.0,0.0,0,unclear if the intergrality property holds
710,cap102,20,2,9.53559160232544,857986.8000000003,785641.9010423505,201,max iterations
711,cap102,20,4,9.80172848701477,856734.4000000001,827027.0631449365,201,max iterations
712,cap102,20,6,9.438933849334717,855971.7500000002,843164.3734975131,201,max iterations
713,cap102,20,8,9.746808290481567,854704.2000000003,848708.99703538,201,max iterations
714,cap102,20,10,9.260590314865112,854704.2000000003,852116.8135494543,201,max iterations
715,cap102,20,12,9.838164806365967,854704.2000000003,853955.6863913368,201,max iterations
716,cap102,20,14,3.642246961593628,854704.2000000003,854704.2,68,reached subgradient tolerance and dual gap tolerance
717,cap102,20,16,5.667280673980713,854704.2000000003,854618.7342033142,113,reached dual gap tolerance
718,cap102,20,18,2.2995693683624268,854704.2000000003,854704.2000000002,36,reached subgradient tolerance and dual gap tolerance
719,cap102,20,20,2.4807872772216797,854704.2000000003,854619.015569269,35,reached dual gap tolerance
720,cap102,30,2,10.001981258392334,862533.8625000002,813994.2185004466,201,max iterations
721,cap102,30,4,10.819971561431885,856719.2500000003,829445.5845291773,201,max iterations
722,cap102,30,6,11.279585838317871,856719.2500000003,854513.8188036084,201,max iterations
723,cap102,30,8,11.530961990356445,854704.2000000003,854552.7015433885,201,max iterations
724,cap102,30,10,3.163273334503174,854704.2000000003,854704.2000000001,42,reached subgradient tolerance and dual gap tolerance
725,cap102,30,12,2.5349197387695312,854704.2000000003,854657.1087073028,32,reached dual gap tolerance
726,cap102,30,14,2.684288740158081,854704.2000000003,854636.3707907938,30,reached dual gap tolerance
727,cap102,30,16,2.8128199577331543,854704.2000000003,854624.3580365628,36,reached dual gap tolerance
728,cap102,30,18,2.965641975402832,854704.2000000003,854629.0345529485,39,reached dual gap tolerance
729,cap102,30,20,2.7418413162231445,854704.2000000003,854674.9883369773,36,reached dual gap tolerance
730,cap102,40,2,11.8594069480896,862533.8625000002,813994.2185004466,201,max iterations
731,cap102,40,4,11.018672227859497,856719.2500000003,829445.5845291773,201,max iterations
732,cap102,40,6,11.074352264404297,856719.2500000003,854513.8188036084,201,max iterations
733,cap102,40,8,11.708932876586914,854704.2000000003,854552.7015433885,201,max iterations
734,cap102,40,10,3.374581813812256,854704.2000000003,854704.2000000001,42,reached subgradient tolerance and dual gap tolerance
735,cap102,40,12,2.85026216506958,854704.2000000003,854657.1087073028,32,reached dual gap tolerance
736,cap102,40,14,2.7345309257507324,854704.2000000003,854636.3707907938,30,reached dual gap tolerance
737,cap102,40,16,3.0946242809295654,854704.2000000003,854624.3580365628,36,reached dual gap tolerance
738,cap102,40,18,3.276115894317627,854704.2000000003,854629.0345529485,39,reached dual gap tolerance
739,cap102,40,20,2.9877405166625977,854704.2000000003,854674.9883369773,36,reached dual gap tolerance
740,cap102,50,2,11.881488561630249,862533.8625000002,813994.2185004466,201,max iterations
741,cap102,50,4,11.552536487579346,856719.2500000003,829445.5845291773,201,max iterations
742,cap102,50,6,12.079517364501953,856719.2500000003,854513.8188036084,201,max iterations
743,cap102,50,8,11.926345586776733,854704.2000000003,854552.7015433885,201,max iterations
744,cap102,50,10,3.581383466720581,854704.2000000003,854704.2000000001,42,reached subgradient tolerance and dual gap tolerance
745,cap102,50,12,2.9986212253570557,854704.2000000003,854657.1087073028,32,reached dual gap tolerance
746,cap102,50,14,2.8931732177734375,854704.2000000003,854636.3707907938,30,reached dual gap tolerance
747,cap102,50,16,3.207395315170288,854704.2000000003,854624.3580365628,36,reached dual gap tolerance
748,cap102,50,18,3.3135900497436523,854704.2000000003,854629.0345529485,39,reached dual gap tolerance
749,cap102,50,20,2.9833948612213135,854704.2000000003,854674.9883369773,36,reached dual gap tolerance
750,cap102,60,2,11.948334455490112,862533.8625000002,813994.2185004466,201,max iterations
751,cap102,60,4,11.55640172958374,856719.2500000003,829445.5845291773,201,max iterations
752,cap102,60,6,11.427638530731201,856719.2500000003,854513.8188036084,201,max iterations
753,cap102,60,8,11.990981101989746,854704.2000000003,854552.7015433885,201,max iterations
754,cap102,60,10,3.8697762489318848,854704.2000000003,854704.2000000001,42,reached subgradient tolerance and dual gap tolerance
755,cap102,60,12,2.992399215698242,854704.2000000003,854657.1087073028,32,reached dual gap tolerance
756,cap102,60,14,2.924720048904419,854704.2000000003,854636.3707907938,30,reached dual gap tolerance
757,cap102,60,16,3.2478678226470947,854704.2000000003,854624.3580365628,36,reached dual gap tolerance
758,cap102,60,18,3.3889899253845215,854704.2000000003,854629.0345529485,39,reached dual gap tolerance
759,cap102,60,20,3.602039098739624,854704.2000000003,854674.9883369773,36,reached dual gap tolerance
760,cap102,70,2,12.142497062683105,862533.8625000002,813994.2185004466,201,max iterations
761,cap102,70,4,11.855595111846924,856719.2500000003,829445.5845291773,201,max iterations
762,cap102,70,6,11.725708246231079,856719.2500000003,854513.8188036084,201,max iterations
763,cap102,70,8,12.239277839660645,854704.2000000003,854552.7015433885,201,max iterations
764,cap102,70,10,3.9927425384521484,854704.2000000003,854704.2000000001,42,reached subgradient tolerance and dual gap tolerance
765,cap102,70,12,3.5064613819122314,854704.2000000003,854657.1087073028,32,reached dual gap tolerance
766,cap102,70,14,3.2041432857513428,854704.2000000003,854636.3707907938,30,reached dual gap tolerance
767,cap102,70,16,3.452986717224121,854704.2000000003,854624.3580365628,36,reached dual gap tolerance
768,cap102,70,18,3.831876039505005,854704.2000000003,854629.0345529485,39,reached dual gap tolerance
769,cap102,70,20,3.392378807067871,854704.2000000003,854674.9883369773,36,reached dual gap tolerance
770,cap102,80,2,12.21419358253479,862533.8625000002,813994.2185004466,201,max iterations
771,cap102,80,4,12.090148210525513,856719.2500000003,829445.5845291773,201,max iterations
772,cap102,80,6,12.002396821975708,856719.2500000003,854513.8188036084,201,max iterations
773,cap102,80,8,12.300382852554321,854704.2000000003,854552.7015433885,201,max iterations
774,cap102,80,10,4.0857908725738525,854704.2000000003,854704.2000000001,42,reached subgradient tolerance and dual gap tolerance
775,cap102,80,12,3.6068179607391357,854704.2000000003,854657.1087073028,32,reached dual gap tolerance
776,cap102,80,14,3.353853225708008,854704.2000000003,854636.3707907938,30,reached dual gap tolerance
777,cap102,80,16,3.8929991722106934,854704.2000000003,854624.3580365628,36,reached dual gap tolerance
778,cap102,80,18,3.8196303844451904,854704.2000000003,854629.0345529485,39,reached dual gap tolerance
779,cap102,80,20,3.663311004638672,854704.2000000003,854674.9883369773,36,reached dual gap tolerance
780,cap102,90,2,12.68971872329712,862533.8625000002,813994.2185004466,201,max iterations
781,cap102,90,4,12.11698865890503,856719.2500000003,829445.5845291773,201,max iterations
782,cap102,90,6,11.74517273902893,856719.2500000003,854513.8188036084,201,max iterations
783,cap102,90,8,12.494093418121338,854704.2000000003,854552.7015433885,201,max iterations
784,cap102,90,10,4.0541090965271,854704.2000000003,854704.2000000001,42,reached subgradient tolerance and dual gap tolerance
785,cap102,90,12,3.5705108642578125,854704.2000000003,854657.1087073028,32,reached dual gap tolerance
786,cap102,90,14,3.5993828773498535,854704.2000000003,854636.3707907938,30,reached dual gap tolerance
787,cap102,90,16,3.7399110794067383,854704.2000000003,854624.3580365628,36,reached dual gap tolerance
788,cap102,90,18,3.923558473587036,854704.2000000003,854629.0345529485,39,reached dual gap tolerance
789,cap102,90,20,3.9539849758148193,854704.2000000003,854674.9883369773,36,reached dual gap tolerance
790,cap102,100,2,13.152710676193237,862533.8625000002,813994.2185004466,201,max iterations
791,cap102,100,4,12.608417510986328,856719.2500000003,829445.5845291773,201,max iterations
792,cap102,100,6,12.205457210540771,856719.2500000003,854513.8188036084,201,max iterations
793,cap102,100,8,12.543907880783081,854704.2000000003,854552.7015433885,201,max iterations
794,cap102,100,10,4.365483522415161,854704.2000000003,854704.2000000001,42,reached subgradient tolerance and dual gap tolerance
795,cap102,100,12,3.934641122817993,854704.2000000003,854657.1087073028,32,reached dual gap tolerance
796,cap102,100,14,3.7991111278533936,854704.2000000003,854636.3707907938,30,reached dual gap tolerance
797,cap102,100,16,3.941084623336792,854704.2000000003,854624.3580365628,36,reached dual gap tolerance
798,cap102,100,18,4.1052844524383545,854704.2000000003,854629.0345529485,39,reached dual gap tolerance
799,cap102,100,20,3.8709309101104736,854704.2000000003,854674.9883369773,36,reached dual gap tolerance
